Top consultas,Cliques,Impressões,CTR,Posição
casa do medico bh,181,1584,11.43%,2.27
casa do medico,130,3853,3.37%,9.54
casa do médico bh,80,546,14.65%,1.96
casa do médico,43,2247,1.91%,10.37
casa do médico belo horizonte,31,161,19.25%,2.46
lojas ortopedicas área hospitalar bh,14,499,2.81%,4.18
loja do medico,11,258,4.26%,16.89
casa do medico belo horizonte,11,119,9.24%,1.95
casa dos médicos,10,191,5.24%,7.13
casa dos medicos,9,393,2.29%,9.61
loja ortopédica centro bh,7,980,0.71%,8.04
casa do médico telefone,7,150,4.67%,6.13
loja ortopédica,5,481,1.04%,7.96
loja do médico,5,244,2.05%,20.09
loja de produtos ortopédicos,5,130,3.85%,5.49
casa medico,5,88,5.68%,16.14
casa medica,4,674,0.59%,12.56
casa do.medico,4,51,7.84%,6.16
loja do médico bh,4,24,16.67%,1.88
av afonso pena 981 centro belo horizonte,3,388,0.77%,5.26
casa do médico whatsapp,3,310,0.97%,10.12
loja de produtos hospitalares perto de mim,3,141,2.13%,3.72
loja ortopedica,3,131,2.29%,6.23
loja dos médicos,3,11,27.27%,2.64
avenida afonso pena 981,2,1804,0.11%,7.01
loja ortopedica bh,2,470,0.43%,10.13
loja de material hospitalar,2,129,1.55%,5.98
loja de produtos ortopédicos perto de mim,2,116,1.72%,4.72
casadomedico,2,111,1.8%,12.13
lojas de produtos hospitalares,2,72,2.78%,6.71
loja de produtos ortopédicos em bh,2,70,2.86%,8.13
loja medica,2,59,3.39%,17.36
casa do medico fotos,2,54,3.7%,2.91
casa do cirurgião,2,48,4.17%,3.46
casa medica bh,2,40,5%,1.98
loja de produtos medicos,2,39,5.13%,7.23
loja de artigos medicos,2,35,5.71%,6.51
meia de compressão sob medida,2,35,5.71%,8.54
lojas produtos hospitalares belo horizonte,2,31,6.45%,17.29
casa do medico produtos hospitalares ltda,2,22,9.09%,4.64
lojas hospitalares,2,22,9.09%,6
loja de produtos cirúrgico perto de mim,2,3,66.67%,4
afonso pena 981,1,1305,0.08%,7.09
av afonso pena 981 centro,1,363,0.28%,6.64
onde comprar meias de compressão em bh,1,305,0.33%,10.91
loja medico,1,293,0.34%,41.61
lojas de meias de compressão em bh,1,272,0.37%,10.08
casa das meias bh,1,262,0.38%,9.35
loja de produtos hospitalares,1,244,0.41%,6.78
casa ortopédica,1,163,0.61%,7.58
loja ortopédica em belo horizonte,1,129,0.78%,9.71
casa do médico site,1,109,0.92%,9.46
lojas ortopedicas em bh,1,88,1.14%,10.57
loja produtos hospitalares,1,86,1.16%,6.26
lojas ortopédicas em belo horizonte,1,80,1.25%,13.62
meias de compressão em bh,1,72,1.39%,10.25
loja de meias de compressão perto de mim,1,64,1.56%,6.53
loja de materiais hospitalares,1,64,1.56%,7.38
loja de artigos hospitalares,1,60,1.67%,5.87
loja de equipamentos hospitalares,1,59,1.69%,11.08
loja de meia de compressão perto de mim,1,52,1.92%,8.65
a casa do medico,1,49,2.04%,12.69
telefone da casa do médico,1,48,2.08%,7.02
meia de compressão em bh,1,45,2.22%,11.24
loja de material hospitalar perto de mim,1,41,2.44%,3.51
loja de medico,1,41,2.44%,33.78
cada do medico,1,39,2.56%,6.21
telefone casa do médico,1,37,2.7%,11.3
casa médico,1,32,3.12%,8.28
loja de material ortopédico,1,31,3.23%,6.52
telefone casa do medico,1,31,3.23%,17.55
material hospitalar bh,1,31,3.23%,21.68
meias de compressão,1,30,3.33%,61.63
loja de produtos ortopedicos,1,28,3.57%,4.36
loja equipamentos hospitalares,1,27,3.7%,5.19
lojas de equipamentos hospitalares,1,26,3.85%,6.27
loja de materiais ortopédicos,1,25,4%,5.76
cada do médico,1,25,4%,5.92
loja de ortopedia perto de mim,1,25,4%,6.48
loja de artigos ortopedicos,1,24,4.17%,4.83
a casa do médico,1,21,4.76%,7.33
distribuidora de material hospitalar em bh,1,21,4.76%,45.43
loja de material ortopédico mais próximo,1,19,5.26%,4.79
loja material hospitalar perto de mim,1,19,5.26%,4.95
loja de materiais medicos,1,19,5.26%,5.32
loja de materiais hospitalares perto de mim,1,18,5.56%,3.83
loja produtos medicos hospitalares,1,16,6.25%,34.62
loja de material cirúrgico perto de mim,1,15,6.67%,3.6
materiais hospitalares perto de mim,1,15,6.67%,4.47
materiais ortopedicos,1,15,6.67%,4.93
lojas de produtos medicos,1,14,7.14%,5.86
loja medico hospitalar,1,14,7.14%,18.07
loja casa do médico,1,13,7.69%,3.54
loja dos medicos,1,13,7.69%,30.54
casa dos medicos bh,1,12,8.33%,1.92
lojas de materiais hospitalares,1,11,9.09%,7.91
lojas de produtos medicos hospitalares,1,11,9.09%,9.27
lojas de material cirúrgico perto de mim,1,10,10%,3.9
loja equipamentos medicos,1,10,10%,4.4
ortopedicos loja,1,10,10%,6.7
acessorios medicos,1,10,10%,7.4
loja material ortopedico perto de mim,1,8,12.5%,2
loja artigos ortopedicos perto de mim,1,8,12.5%,2.5
loja medical,1,8,12.5%,5.5
casa medico hospitalar,1,7,14.29%,2.43
loja de materiais ortopédicos perto de mim,1,7,14.29%,3
casa.medica,1,6,16.67%,7.33
lojas equipamentos medicos,1,6,16.67%,7.67
lojas de artigos hospitalares,1,5,20%,6
lojas de produto hospitalar,1,4,25%,6
loja ortopédica bh,1,4,25%,11.25
produtos medicos hospitalares,1,3,33.33%,1
casa médica endereço,1,3,33.33%,3.67
lojas de produtos médicos hospitalares,1,3,33.33%,3.67
casa di medico,1,3,33.33%,6
artigos medicos loja,1,3,33.33%,7.33
lojas de materiais medicos hospitalares,1,3,33.33%,7.33
loja de saude e bem estar,1,2,50%,2.5
lojas de fisioterapia perto de mim,1,2,50%,10.5
loja de itens cirurgicos,1,2,50%,11
casa de medicina,1,1,100%,1
oxímetro onde comprar,1,1,100%,1
andador adulto,1,1,100%,2
casa médica perto de mim,1,1,100%,2
em bh,1,1,100%,2
lojas de produtos hospitalares centro,1,1,100%,2
loja de ortopédicos,1,1,100%,4
loja material cirúrgico perto de mim,1,1,100%,5
loja hospitalar bh,1,1,100%,18
av afonso pena 981,0,1386,0%,7.03
avenida afonso pena 981 centro,0,537,0%,7.01
produtos médicos bh,0,419,0%,5.09
afonso pena 981 centro,0,416,0%,6.53
casa médica,0,243,0%,15.9
meia de compressao em bh,0,212,0%,9.19
casa do medico copacabana,0,146,0%,59.54
onde comprar meia de compressão em bh,0,139,0%,10.32
equipamentos hospitalares em belo horizonte,0,123,0%,25.56
loja de meias em bh,0,112,0%,10.12
meia compressiva em bh,0,109,0%,8.17
"avenida afonso pena, 981 belo horizonte",0,101,0%,6.63
casa do médico barra,0,96,0%,31.35
casa do medico barra,0,96,0%,37.99
equipamentos hospitalares em bh,0,92,0%,21.28
"avenida afonso pena, 981",0,90,0%,6.63
loja ortopédica em bh,0,85,0%,12.42
casas produtos hospitalares,0,85,0%,80.54
médico bh,0,78,0%,24.46
casa de medico,0,71,0%,15.45
casa ortopedica,0,70,0%,7.9
loja hospitalar,0,63,0%,8.6
lojas ortopedicas,0,62,0%,6.71
casa hospitalar,0,62,0%,9.08
loja de produtos medicos e hospitalares,0,61,0%,71.87
aluguel de produtos ortopédicos em comiteco,0,54,0%,77.7
loja de ortopedia,0,53,0%,8.34
casado medico,0,53,0%,10.28
casa do médico taquara,0,53,0%,24.02
casa do medico em ipanema,0,53,0%,48.75
loja material hospitalar,0,52,0%,8.44
casa do médico barra da tijuca,0,52,0%,44.65
casa do medico em copacabana,0,50,0%,40.38
"av. afonso pena, 981",0,48,0%,6.1
casas do medico,0,48,0%,13.29
casa do medico rj,0,46,0%,52.78
casa do medico meier,0,45,0%,32.36
casa do médico madureira,0,45,0%,37.49
afonso pena 981 belo horizonte,0,44,0%,7.09
casa do medico telefone,0,44,0%,14.98
casa de médico,0,42,0%,8
loja hospitalar centro,0,42,0%,42.36
casa do médico equipamentos médicos e hospitalar,0,40,0%,10.38
produtos hospitalares belo horizonte,0,39,0%,19.44
loja produtos ortopedicos,0,36,0%,3.53
casa do medico recreio,0,36,0%,23.25
lojas de produtos ortopédicos,0,35,0%,4.09
loja de produto hospitalar,0,35,0%,8.54
casa do doutor,0,35,0%,16.23
loja de fisioterapia perto de mim,0,34,0%,9.03
palmilhas ortopedicas em bh,0,34,0%,67.24
lojas produtos hospitalares,0,32,0%,8.34
loja para medicos,0,32,0%,84.78
loja que vende produtos hospitalares,0,31,0%,6.9
meias de compressão sob medida,0,31,0%,10.61
casa do médico fotos,0,30,0%,6
casa do médico rj,0,30,0%,51.07
meia de compressão,0,30,0%,53.7
casa de material hospitalar,0,29,0%,9.41
loja de material medico hospitalar,0,29,0%,14.45
loja de produtos hospitalares centro,0,29,0%,47.41
casa do médico meier,0,28,0%,28.07
casa do medico ipanema,0,27,0%,29.63
produtos ortopedicos em bh,0,26,0%,10.04
casa do ortopedista,0,26,0%,20.65
casa do medico tijuca,0,26,0%,36.12
loja ortopédica perto de mim,0,25,0%,3.84
casa de produtos hospitalares,0,25,0%,10.36
casa do médico campo grande,0,25,0%,20.04
casa do médico recreio,0,25,0%,36.2
casa do medico realengo,0,25,0%,40.12
casa do médico tijuca,0,24,0%,27.5
casa do medico freguesia,0,24,0%,39.54
casa do medico bangu,0,24,0%,52.29
loja de material medico,0,23,0%,8.83
loja de utensílios medicos,0,23,0%,32.17
casa do medico em bangu,0,23,0%,52.48
produtos hospitalares centro,0,22,0%,46.55
loja de artigos medicos perto de mim,0,21,0%,6.38
loja de itens medicos,0,21,0%,24
loja aparelhos medicos,0,21,0%,79.71
artigos hospitalares perto de mim,0,20,0%,5
loja de materiais medicos hospitalares,0,20,0%,11.2
casa do medico campo grande,0,20,0%,37.2
casa do medico centro rj,0,20,0%,40.7
loja material medico hospitalar,0,19,0%,5.79
loja da saúde,0,19,0%,5.89
lojas de material hospitalar,0,19,0%,6.53
loja cirurgica bh,0,19,0%,36.68
casa dos medicos cachoeiro,0,19,0%,37.05
loja artigos medicos,0,18,0%,4.67
casa ortopedia,0,18,0%,5.06
loja ortopedia,0,18,0%,5.61
material medico,0,18,0%,7.06
loja que vende meia de compressão perto de mim,0,18,0%,8.28
imagens de casa do médico - produtos hospitalares,0,18,0%,12.11
material hospitalar em bh,0,18,0%,18.44
casa med,0,18,0%,22.83
loja de equipamentos medicos,0,17,0%,4.59
loja produtos hospitalares perto de mim,0,17,0%,4.59
material hospitalar,0,17,0%,5.53
loja de aparelhos ortopédicos,0,17,0%,5.71
casa de produtos ortopédicos,0,17,0%,7.41
onde comprar meia sigvaris em bh,0,17,0%,8.47
loja produtos medicos,0,17,0%,9.12
"avenida afonso pena, nº 981",0,17,0%,9.18
material hospitalar perto de mim,0,17,0%,9.88
casas dos medicos,0,17,0%,20.18
produtos hospitalar perto de mim,0,16,0%,3.69
produtos ortopedicos,0,16,0%,4.81
casa centro medico,0,16,0%,5.94
lojas ortopédicas,0,16,0%,6.25
casa do medico centro,0,16,0%,7.44
casa da saúde produtos médicos hospitalares,0,16,0%,44.06
lojas produtos ortopedicos,0,15,0%,3.2
loja de produtos ortopédicos perto de mim abertos agora,0,15,0%,4.87
loja de produtos médicos,0,15,0%,9.13
loja médica,0,15,0%,14.33
casa do medico gv,0,15,0%,24
loja material medico,0,15,0%,31.6
casa do médico botafogo,0,15,0%,33.87
endereço do médico,0,15,0%,59.2
loja de produtos ortopedicos proximo a mim,0,14,0%,4.5
loja de artigo hospitalar,0,14,0%,5.43
loja produto hospitalar,0,14,0%,7.14
lojas ortopédica,0,14,0%,7.93
loja de enfermagem perto de mim,0,14,0%,9.07
casa do médico - produtos hospitalares,0,14,0%,12.21
casa do medico botafogo,0,14,0%,44.43
casa do hospital,0,14,0%,58
do médico,0,13,0%,3.38
loja de artigos ortopédicos,0,13,0%,4.54
loja de materiais cirurgicos proximo a mim,0,13,0%,5.15
loja material ortopedico,0,13,0%,5.92
loja de coisas hospitalares,0,13,0%,6.46
casa de medicos,0,13,0%,6.62
ortopedicos,0,13,0%,9.23
materiais medicos,0,13,0%,9.31
loja de utensílios hospitalares,0,13,0%,9.77
casa do paciente,0,13,0%,13.85
casa do medico madureira,0,13,0%,43.92
meia de compressão para varizes,0,13,0%,80.38
produtos ortopédicos perto de mim,0,12,0%,4
loja produtos cirurgicos perto de mim,0,12,0%,4.75
loja artigos hospitalares,0,12,0%,5.58
casa de material hospitalar perto de mim,0,12,0%,6
loja produtos ortopedicos perto de mim,0,12,0%,6.92
loja fisioterapia perto de mim,0,12,0%,9.25
casa do medico taquara,0,12,0%,29.67
casa material hospitalar,0,12,0%,34
casa do medico valqueire,0,12,0%,36.42
casa do medico nova iguaçu,0,12,0%,63.42
produtos ortopédicos,0,12,0%,82.92
casa de produtos ortopédicos perto de mim,0,11,0%,3.36
lojas de produtos ortopédicos perto de mim,0,11,0%,4
lojas de ortopedia,0,11,0%,4.36
casa de materiais hospitalares,0,11,0%,5
loja de materiais cirurgicos perto de mim,0,11,0%,5.27
loja de artigos hospitalares perto de mim,0,11,0%,6.09
meia de compressão bh,0,11,0%,8.36
meia de compressao bh,0,11,0%,12.27
loja de produtos médicos hospitalares,0,11,0%,13.27
casa médica telefone,0,11,0%,13.64
casa do médico - loja oficial,0,11,0%,14.27
lojas de materiais ortopédicos,0,11,0%,20.18
loja de insumos hospitalares,0,11,0%,22.64
cirurgicas em bh,0,11,0%,32.91
casa do medico farol,0,11,0%,33
casa do médico em realengo,0,11,0%,39.73
meias de compressão para varizes,0,11,0%,87.18
oxímetro,0,11,0%,94.82
loja artigos ortopedicos,0,10,0%,3.7
cada medica,0,10,0%,4.1
loja de produto ortopédico,0,10,0%,4.2
loja de medicina,0,10,0%,5.3
material ortopedico loja,0,10,0%,7.5
loja de material cirúrgico,0,10,0%,10.3
loja de fisioterapia,0,10,0%,11.3
lojas de artigos medicos,0,10,0%,12.5
casas médicas,0,10,0%,14.1
casa produtos hospitalares,0,10,0%,22.6
casa do médico realengo,0,10,0%,29.6
loja cirurgica em bh,0,10,0%,30.9
casa dos ortopédicos,0,10,0%,32.8
casa do médico em bangu,0,10,0%,33.4
casa do medico nilopolis,0,10,0%,38.3
casa do médico nova iguaçu,0,10,0%,40.6
casa do médico ribeirão preto,0,10,0%,47.9
casa do médico maceió telefone,0,10,0%,56
afonso pena 262,0,10,0%,61
meia para varizes,0,10,0%,64.7
casadomedico rj,0,10,0%,81
loja de equipamentos hospitalares perto de mim,0,9,0%,3.22
loja de material ortopédico perto de mim,0,9,0%,3.22
loja materiais ortopedicos,0,9,0%,3.56
casa centro médico,0,9,0%,3.89
loja hospitalar perto de mim,0,9,0%,3.89
loja de material cirúrgico perto de mim abertos agora,0,9,0%,4
loja de equipamento medico,0,9,0%,4.33
loja dr saude,0,9,0%,4.56
loja de artigos médicos,0,9,0%,4.67
loja materiais medicos,0,9,0%,4.67
loja de material médico hospitalar,0,9,0%,5.11
loja de material ortopedico,0,9,0%,5.33
loja de produtos cirurgicos perto de mim,0,9,0%,5.33
loja que vende produtos ortopédicos,0,9,0%,5.44
loja materiais hospitalares,0,9,0%,5.56
loja de artigos ortopédicos perto de mim,0,9,0%,5.67
loja de ortopedia centro,0,9,0%,5.89
artigos ortopedicos,0,9,0%,7.22
meias de compressão perto de mim,0,9,0%,7.33
artigos medicos perto de mim,0,9,0%,7.44
loja de equipamento hospitalar,0,9,0%,7.44
lojas de material ortopédico,0,9,0%,7.44
loja de produtos hospitalar,0,9,0%,8.33
casa hospitalar perto de mim,0,9,0%,8.67
lojas de produtos hospitalar,0,9,0%,9.33
loja das meias bh,0,9,0%,10
loja que vende material hospitalar,0,9,0%,10.11
loja de médico,0,9,0%,17.56
casa medi,0,9,0%,18.22
loja de itens hospitalares,0,9,0%,25.67
loja de hospitalar,0,9,0%,28.89
casa do medico santa cruz,0,9,0%,38.56
casa de material medico,0,9,0%,45.56
autocuidados para varizes,0,9,0%,46.33
meias de compressão para circulação,0,9,0%,59.11
casa medica endereço,0,8,0%,2
produtos hospitalares perto de mim,0,8,0%,2.38
casas ortopédicas,0,8,0%,2.62
casa do dr,0,8,0%,4
casa dos médicos telefone,0,8,0%,4
loja de produtos medicos perto de mim,0,8,0%,4.5
loja de material medico hospitalar perto de mim,0,8,0%,4.62
equipamentos ortopedicos perto de mim,0,8,0%,6
produtos ortopedicos proximo a mim,0,8,0%,6.38
farmácia ortopédica,0,8,0%,7.25
produtos medicos hospitalares perto de mim,0,8,0%,7.25
farmacia cirúrgica perto de mim,0,8,0%,7.38
casa do mesico,0,8,0%,7.5
loja ortopedia perto de mim,0,8,0%,8.5
loja de artigos cirurgicos,0,8,0%,8.75
casa saude,0,8,0%,9
casa do médico lojas,0,8,0%,9.12
meia venosan bh,0,8,0%,9.5
telefone da casa dos médicos,0,8,0%,9.75
avenida afonso pena 981 belo horizonte,0,8,0%,10.12
loja de produtos ortopédicos mais próximo,0,8,0%,11
hospital em casa,0,8,0%,13.62
casa de produtos medicos,0,8,0%,25.25
como saber o tamanho da meia de compressão,0,8,0%,27.88
casa do médico centro rj,0,8,0%,29.75
casa do médico em copacabana,0,8,0%,42
casas de produtos hospitalares,0,8,0%,49.75
casa do médico maceió,0,8,0%,54.88
casa do medico ribeirao preto,0,8,0%,66.25
medicine bh,0,8,0%,84.12
sigvaris meia de compressão,0,7,0%,1
loja de produtos medico hospitalares,0,7,0%,3
casa que vende produtos hospitalares,0,7,0%,3.29
utensílios hospitalares perto de mim,0,7,0%,3.43
artigos ortopédicos perto de mim,0,7,0%,4
casa do médico perto de mim,0,7,0%,4.14
materiais médicos,0,7,0%,4.14
loja de equipamentos médicos e hospitalares,0,7,0%,4.43
avenida afonso pena 981 centro belo horizonte,0,7,0%,5.14
produto hospitalar perto de mim,0,7,0%,5.29
casa de material ortopédico,0,7,0%,5.71
loja de produtos hospitalar perto de mim,0,7,0%,5.71
produtos medicos,0,7,0%,5.71
telefone da casa médica,0,7,0%,5.71
casa ortopédica mais próxima,0,7,0%,7.86
farmacia hospitalar perto de mim,0,7,0%,7.86
meia sigvaris bh,0,7,0%,8.86
loja produtos medicos perto de mim,0,7,0%,9.14
lojas de materiais cirúrgicos,0,7,0%,9.29
lojas meias de compressão,0,7,0%,9.29
loja de material cirurgico,0,7,0%,10.29
medico bh,0,7,0%,12.14
meia elastica bh,0,7,0%,12.71
loja de saúde,0,7,0%,13.14
loja material cirurgico perto de mim,0,7,0%,13.29
loja de material hospitalar bh,0,7,0%,16.29
loja equipamento hospitalar,0,7,0%,22.43
casa de produto hospitalar,0,7,0%,26.86
material cirurgico bh,0,7,0%,31.14
casa de produtos médicos,0,7,0%,35.14
casa do médico farol,0,7,0%,37
casa do medico barra da tijuca,0,7,0%,65
meia compressão,0,7,0%,77.57
aluguel de produtos ortopédicos bh,0,7,0%,86.14
estetoscopio,0,7,0%,94.57
lojas de materiais hospitalares perto de mim,0,6,0%,3.17
casa de aparelhos ortopédicos,0,6,0%,3.5
loja de equipamentos ortopédicos,0,6,0%,3.67
casa medica perto de mim,0,6,0%,3.83
material medico hospitalar,0,6,0%,3.83
lojas de aparelhos ortopédicos,0,6,0%,4.17
casa de ortopedia,0,6,0%,4.67
loja equipamentos ortopedicos,0,6,0%,4.67
loja de meias perto de mim,0,6,0%,4.83
loja de produto hospitalar perto de mim,0,6,0%,4.83
casa ortopédica perto de mim,0,6,0%,5
loja de artigos medicos hospitalares,0,6,0%,5.17
loja artigos medicos perto de mim,0,6,0%,5.67
loja de equipamentos médicos,0,6,0%,5.67
lojas de artigos hospitalares perto de mim,0,6,0%,6.33
loja med,0,6,0%,7.67
lojas material hospitalar,0,6,0%,7.67
loja.ortopedica,0,6,0%,8.5
lojas que vendem produtos hospitalares,0,6,0%,8.83
loja de material medico perto de mim,0,6,0%,9
lojas de material cirúrgico,0,6,0%,9.33
loja cirúrgica perto de mim,0,6,0%,9.83
endereço do médico fotos,0,6,0%,10.83
casa do médico produtos hospitalares,0,6,0%,13
lojas que vendem meias de compressão,0,6,0%,18.17
loja de aparelhos medicos,0,6,0%,19
casa de material cirurgico,0,6,0%,21
casa de artigos hospitalares,0,6,0%,21.83
casa do médico em nova iguaçu,0,6,0%,37.67
loja de instrumentos medicos,0,6,0%,38
loja de equipamentos hospitalar,0,6,0%,38.5
como medir meia de compressão 7/8,0,6,0%,39
casa do enfermeiro,0,6,0%,40.33
casa do medico marechal hermes,0,6,0%,52.67
ortopedica bh,0,6,0%,59.67
tabela de medidas para meia de compressão,0,6,0%,61
avenida afonso pena 262,0,6,0%,83
como medir meia de compressão 3/4,0,6,0%,83.17
casa de material cirurgico perto de mim,0,5,0%,2
loja de materiais medicos perto de mim,0,5,0%,2.4
materiais hospitalar perto de mim,0,5,0%,3
casa da cirurgia,0,5,0%,4.4
lojas equipamentos hospitalares,0,5,0%,4.6
casa de materiais cirurgicos perto de mim,0,5,0%,5
loja de material hospitalar mais próximo,0,5,0%,5
loja ortopédica no centro,0,5,0%,5.2
lojas ortopédica perto de mim,0,5,0%,5.2
lojas ortopedia perto de mim,0,5,0%,5.8
loja medica perto de mim,0,5,0%,6
loja material ortopédico,0,5,0%,6.2
meia de compressão perto de mim,0,5,0%,6.8
lojas materiais hospitalares,0,5,0%,8.8
loja de acessórios hospitalares,0,5,0%,9
loja de produtos de hospital,0,5,0%,10
afonso pena 981 bh,0,5,0%,10.2
loja de utensílios hospitalar,0,5,0%,10.2
loja cirurgica perto de mim,0,5,0%,10.4
cirurgica perto de mim,0,5,0%,11
loja que vende meias de compressão,0,5,0%,11
casa cirúrgica perto de mim,0,5,0%,11.8
especialistas das meias,0,5,0%,13
cirurgica bh,0,5,0%,14.8
casa da ortopedia,0,5,0%,15
casa do medicos,0,5,0%,18
casa do medico bonsucesso,0,5,0%,23.2
loja de suprimentos medicos,0,5,0%,23.4
casa do medico irece,0,5,0%,29
cirurgica em bh,0,5,0%,34.4
casa do médico ipanema,0,5,0%,35.4
como medir meia de compressão 7 8,0,5,0%,36.6
casa do médico marechal hermes,0,5,0%,40
casa do médico freguesia,0,5,0%,40.8
casa do médico santa cruz,0,5,0%,41.2
casas de material hospitalar,0,5,0%,43
meia de compressão como escolher,0,5,0%,49
casa do médico belford roxo,0,5,0%,51.8
medical bh,0,5,0%,59.6
clinica afonso pena,0,5,0%,68.4
loja do médico copacabana,0,5,0%,69
onde comprar atestado médico em bh,0,5,0%,69.4
meias elásticas sigvaris,0,4,0%,1
qual a melhor meia de compressão venosan ou sigvaris,0,4,0%,1
loja de itens cirurgicos perto de mim,0,4,0%,2.25
lojas de produtos ortopedicos,0,4,0%,3
casa do medico perto de mim,0,4,0%,3.25
equipamentos hospitalares perto de mim,0,4,0%,3.25
lojas de ortopedia perto de mim,0,4,0%,3.25
casa do me,0,4,0%,3.5
loja de coisas medicas,0,4,0%,3.75
loja de materiais médicos,0,4,0%,3.75
loja de produtos médicos e hospitalares,0,4,0%,4
loja materiais hospitalares perto de mim,0,4,0%,4
casa de materiais medicos,0,4,0%,4.25
casa ortopedia perto de mim,0,4,0%,4.25
materiais ortopédicos perto de mim,0,4,0%,4.5
casa de produtos hospitalar,0,4,0%,5.25
loja de produto medico hospitalar,0,4,0%,5.25
loja de material de enfermagem,0,4,0%,5.75
centro ortopedico av afonso pena,0,4,0%,6
coisas hospitalares perto de mim,0,4,0%,6
casa do,0,4,0%,6.25
loja de ortopedicos,0,4,0%,6.5
loja medicina,0,4,0%,6.5
loja produto hospitalar perto de mim,0,4,0%,6.5
lojas produtos ortopedicos perto de mim,0,4,0%,6.5
casa.do.medico,0,4,0%,6.75
lojas de artigos ortopedicos perto de mim,0,4,0%,6.75
farmácia ortopédica mais próxima,0,4,0%,7
casa de equipamentos hospitalar,0,4,0%,8.25
lojas area hospitalar bh,0,4,0%,8.25
loja artigos cirurgicos,0,4,0%,8.5
loja de produtos hospitalares perto de mim abertos agora,0,4,0%,8.5
lojas que vende produtos hospitalares,0,4,0%,8.5
loja material médico hospitalar,0,4,0%,8.75
loja fisioterapia,0,4,0%,9.25
loja artigos hospitalares perto de mim,0,4,0%,9.5
materiais medicos perto de mim,0,4,0%,9.5
casadomedico com br,0,4,0%,10
artigos hospitalares,0,4,0%,10.25
loja de enfermagem,0,4,0%,10.25
loja de produtos de fisioterapia perto de mim,0,4,0%,11.25
material hospitalar centro,0,4,0%,14.5
lojas de produtos médicos,0,4,0%,14.75
lojas de material hospitalar perto de mim,0,4,0%,16.5
casa do médico bangu,0,4,0%,29.75
av afonso pena 2700,0,4,0%,31.25
casa do ortopedista - material médico,0,4,0%,35.25
meia de compressão tamanhos,0,4,0%,40.75
casas de ortopedia,0,4,0%,42.75
casa do.medico barra,0,4,0%,43
casa do médico nilopolis,0,4,0%,43.25
loja de aparelhos hospitalares,0,4,0%,49.25
materiais cirurgicos bh,0,4,0%,50.5
tamanho de meia,0,4,0%,51.25
casa do medico leblon,0,4,0%,57.5
como medir meia de compressão 3 4,0,4,0%,59
av afonso pena 867,0,4,0%,62.5
casa materiais cirurgicos,0,4,0%,65.5
casa produto hospitalar,0,4,0%,65.75
casa do médico copacabana,0,4,0%,67.75
av afonso pena 262,0,4,0%,72.5
meias elásticas de compressão,0,4,0%,72.5
casa do médico marechal,0,4,0%,73.25
casa dos medicos gv,0,3,0%,1
casa ortopedista,0,3,0%,1
meia de compressão sigvaris,0,3,0%,1
melhores marcas de meia de compressão,0,3,0%,1
quais as melhores marcas de meias de compressão,0,3,0%,1
materiais hospitalares bh,0,3,0%,1.33
artigos cirurgicos perto de mim,0,3,0%,2
imagens de casa do médico belo horizonte,0,3,0%,2
lojas de artigos medicos perto de mim,0,3,0%,2
lojas de materiais cirurgicos perto de mim,0,3,0%,2
venda de produtos hospitalares perto de mim,0,3,0%,2
itens hospitalares,0,3,0%,2.33
lojas de artigos ortopédicos,0,3,0%,2.33
casa de artigos ortopedicos,0,3,0%,3
loja de produto cirúrgico perto de mim,0,3,0%,3
casa de material cirúrgico perto de mim,0,3,0%,3.33
casa do medico proximo a mim,0,3,0%,3.33
loja que vende meia perto de mim,0,3,0%,3.33
meia calça de compressão,0,3,0%,3.33
casa medica produtos hospitalares,0,3,0%,3.67
casa saúde,0,3,0%,3.67
loja produtos médicos,0,3,0%,3.67
casa das meias,0,3,0%,4
equipamentos cirurgicos perto de mim,0,3,0%,4
loja materiais cirurgicos perto de mim,0,3,0%,4
lojas produtos medicos,0,3,0%,4
lojas produtos medicos hospitalares,0,3,0%,4
materiais hospitalares,0,3,0%,4
produtos medicos perto de mim,0,3,0%,4
insumos medicos,0,3,0%,4.33
loja de coisas hospitalares perto de mim,0,3,0%,4.33
lojas de material ortopédico perto de mim,0,3,0%,4.33
casa de material medico hospitalar,0,3,0%,4.67
casa do mefico,0,3,0%,4.67
casas hospitalares,0,3,0%,4.67
loja da saude,0,3,0%,4.67
lojas de produtos cirurgicos perto de mim,0,3,0%,4.67
mundomedico,0,3,0%,4.67
loja produto ortopedico,0,3,0%,5
lojas de equipamentos medicos,0,3,0%,5
lojas de material medico hospitalar,0,3,0%,5
casa de equipamentos hospitalares,0,3,0%,5.33
casa material ortopedico,0,3,0%,5.33
loja aparelhos ortopedicos,0,3,0%,5.33
loja de itens hospitalares perto de mim,0,3,0%,5.33
loja de produto ortopédico mais próximo,0,3,0%,5.33
material medico hospitalar proximo a mim,0,3,0%,5.33
loja de equipamentos ortopédicos perto de mim,0,3,0%,5.67
loja ortopedico,0,3,0%,5.67
cirurgicas perto de mim,0,3,0%,6
farmacia de produtos hospitalares,0,3,0%,6
farmácia de produtos ortopédicos,0,3,0%,6
loja ortopedicos,0,3,0%,6
loja de material médico,0,3,0%,6.67
loja de medicos,0,3,0%,6.67
med casa,0,3,0%,6.67
venda de materiais hospitalares,0,3,0%,6.67
loja hospital,0,3,0%,7
loja de coisas de hospital,0,3,0%,7.33
loja material.hospitalar,0,3,0%,7.33
lojas hospitalares perto de mim,0,3,0%,7.33
loja de produtos de enfermagem,0,3,0%,8.33
material medico perto de mim,0,3,0%,8.33
ortopédicos,0,3,0%,8.33
saude e ortopedia,0,3,0%,8.33
material ortopédico perto de mim,0,3,0%,8.67
casa do médico governador valadares,0,3,0%,9
loja de produtos hospitalares em bh,0,3,0%,9
loja equipamento medico,0,3,0%,9
loja produtos hospitalar,0,3,0%,9
loja que vende produto hospitalar,0,3,0%,9
lojas que vende material hospitalar,0,3,0%,9
onde vende meia de compressão perto de mim,0,3,0%,9
loja produtos ortopédicos perto de mim,0,3,0%,9.33
loja de suprimentos hospitalares,0,3,0%,9.67
ortopedicas,0,3,0%,10.33
medical loja,0,3,0%,10.67
casa de produtos hospitalares perto de mim,0,3,0%,11
loja de produtos médicos perto de mim,0,3,0%,11
lojas que vende meias de compressão,0,3,0%,11
produtos hospitalares,0,3,0%,11.67
endereço da casa do médico,0,3,0%,12
loja material cirurgico bh,0,3,0%,12.33
casa do médico gv,0,3,0%,14.67
lojas de materiais medicos,0,3,0%,18.33
meias de compressão tamanhos,0,3,0%,22
área hospitalar bh,0,3,0%,24.33
cirurgica belo horizonte,0,3,0%,24.67
especialista das meias e produtos médicos,0,3,0%,25.33
casa cirurgica,0,3,0%,26.33
imagens de casa medica,0,3,0%,27.33
lojas de material ortopedico,0,3,0%,27.33
medico png,0,3,0%,30.33
shop medic,0,3,0%,33
lojas de meias de compressão,0,3,0%,35.33
medidas de meias de compressão,0,3,0%,37.67
meia de compressão medidas,0,3,0%,38
casa da meia elástica,0,3,0%,38.67
como medir meias de compressão,0,3,0%,38.67
casa dos médicos cachoeiro,0,3,0%,39
casa do medico marechal,0,3,0%,40
como medir a perna para comprar meia de compressão,0,3,0%,43.33
shopping ortopédico em bh,0,3,0%,47.33
casa do médico de são rafael,0,3,0%,50
tabela de tamanho de meias,0,3,0%,50.33
lojas dr scholl em bh,0,3,0%,53
casa del medico,0,3,0%,55
clínica afonso pena,0,3,0%,55.67
meias para varizes,0,3,0%,61
estação do médico,0,3,0%,63.33
meia elástica para varizes,0,3,0%,67
loja de venda de produtos hospitalares,0,3,0%,67.33
como escolher meias de compressão,0,3,0%,71.67
qual meia de compressão usar,0,3,0%,74.33
clinica de ortopedia em bh,0,3,0%,78
casa do epi bh,0,3,0%,81.67
oxímetro valor,0,3,0%,88.33
imobilizador de joelho,0,3,0%,90
casas de produtos medicos,0,3,0%,93.33
lojas de suprimentos médicos,0,3,0%,99.67
carimbo personalizado,0,2,0%,1
instrumentos medicos,0,2,0%,1
materiais medico hospitalar,0,2,0%,1
meia de compressão melhores marcas,0,2,0%,1
melhores marcas de meias,0,2,0%,1
onde comprar bengala em bh,0,2,0%,1
produto ortopédico,0,2,0%,1
produtos médicos,0,2,0%,1
sim,0,2,0%,1
casa medical,0,2,0%,1.5
do medico,0,2,0%,1.5
casa de cirurgia,0,2,0%,2
casa medic,0,2,0%,2
casa ortopedica cerca de mi,0,2,0%,2
casas cirurgicas perto de mim,0,2,0%,2
loja de artigos cirurgicos perto de mim,0,2,0%,2
loja de material cirurgico perto de mim,0,2,0%,2
loja material ortopédico perto de mim,0,2,0%,2
loja produto ortopedico perto de mim,0,2,0%,2
lojas de produtos hospitalares perto de mim,0,2,0%,2
lojas produtos ortopédicos,0,2,0%,2
casa de materiais hospitalares perto de mim,0,2,0%,2.5
loja que vende produtos hospitalares perto de mim,0,2,0%,2.5
produtos cirurgicos proximo a mim,0,2,0%,2.5
produtos cirúrgicos perto de mim,0,2,0%,2.5
casas de produtos ortopédicos,0,2,0%,3
centro medico loja,0,2,0%,3
loja de equipamentos cirurgicos perto de mim,0,2,0%,3
loja de equipamentos ortopedicos,0,2,0%,3
loja itens hospitalares,0,2,0%,3
lojas de material medico,0,2,0%,3
material hospitalar proximo a mim,0,2,0%,3
meia de compressão 3/4,0,2,0%,3
meias perto de mim,0,2,0%,3
artigos médicos e ortopédicos,0,2,0%,3.5
loja ortopedica perto de mim,0,2,0%,3.5
material cirurgico perto de mim,0,2,0%,3.5
meia compressão sob medida,0,2,0%,3.5
ortopedia lojas,0,2,0%,3.5
casa de produtos medicos hospitalares,0,2,0%,4
loja que vende materiais hospitalares,0,2,0%,4
lojas cirurgicas perto de mim,0,2,0%,4
lojas ortopédicas perto de mim,0,2,0%,4
material médico hospitalar perto de mim,0,2,0%,4
produtos ortopedicos perto de mim,0,2,0%,4
bazar medico,0,2,0%,4.5
casa do medico barra plaza,0,2,0%,4.5
loja de coisas ortopedicas,0,2,0%,4.5
loja medica hospitalar,0,2,0%,4.5
loja ortopedista,0,2,0%,4.5
loja ortopédica perto de mim abertos agora,0,2,0%,4.5
loja que vende produtos medicos,0,2,0%,4.5
material.hospitalar,0,2,0%,4.5
casa das clínicas,0,2,0%,5
casa de insumos médicos,0,2,0%,5
casa material cirurgico,0,2,0%,5
casas de material cirurgico,0,2,0%,5
comprar meia perto de mim,0,2,0%,5
dos médicos,0,2,0%,5
loja itens medicos,0,2,0%,5
loja que vende coisas de hospital,0,2,0%,5
lojas artigos hospitalares,0,2,0%,5
lojas hospitalar,0,2,0%,5
material médico,0,2,0%,5
lojas de equipamentos médicos,0,2,0%,5.5
cas medica,0,2,0%,6
loja de acessorios medicos,0,2,0%,6
loja de artigos hospitalar,0,2,0%,6
loja de produtos ortopédica,0,2,0%,6
materiais ortopedicos proximo a mim,0,2,0%,6
casa cirurgia,0,2,0%,6.5
loja com produtos hospitalares,0,2,0%,6.5
lojas de insumos hospitalares,0,2,0%,6.5
casa que vende material hospitalar,0,2,0%,7
itens hospitalares perto de mim,0,2,0%,7.5
ortopedia loja,0,2,0%,7.5
casas medicas,0,2,0%,8
farmácia hospitalar perto de mim,0,2,0%,8
loja artigo hospitalar,0,2,0%,8
loja meias de compressao,0,2,0%,8
lugar que vende produtos hospitalares,0,2,0%,8
medical ortopedia,0,2,0%,8
polo medical,0,2,0%,8
loja de materiais hospitalares mais próximo,0,2,0%,8.5
ortopedias,0,2,0%,8.5
telefone casa do,0,2,0%,8.5
afonso pena 3393,0,2,0%,9
casa dos hospitais,0,2,0%,9
loja cirurgica mais proxima,0,2,0%,9
loja de cirurgica perto de mim,0,2,0%,9
loja equipamentos cirurgicos,0,2,0%,9
loja meia de compressão,0,2,0%,9
material ortopedia,0,2,0%,9
onde comprar meia de compressão perto de mim,0,2,0%,9
produtos de ortopedia perto de mim,0,2,0%,9
venda de material hospitalar,0,2,0%,9
where to get health monitoring devices in minas gerais?,0,2,0%,9
cada médica,0,2,0%,9.5
equipamentos hospitalares bh,0,2,0%,9.5
loja de materiais hospitalar,0,2,0%,9.5
loja de produtos cirúrgicos,0,2,0%,9.5
loja material hospitalar belo horizonte,0,2,0%,9.5
lojas produtos cirurgicos,0,2,0%,9.5
itens ortopedicos perto de mim,0,2,0%,10
casa.do medico,0,2,0%,10.5
a casa do dr,0,2,0%,11
bem estar ortopedia,0,2,0%,11
casa de material cirúrgico,0,2,0%,11
casas cirurgicas,0,2,0%,11
lojas de produtos medicos perto de mim,0,2,0%,11
lojas que vendem meia de compressão,0,2,0%,11
farmacia hospitalar centro,0,2,0%,11.5
loja artigos médicos,0,2,0%,11.5
loja material cirúrgico,0,2,0%,11.5
venda de produto hospitalar,0,2,0%,11.5
lojas de enfermagem,0,2,0%,12
ortopedica loja,0,2,0%,12
loja de material hospitalar em bh,0,2,0%,12.5
material ortopedico,0,2,0%,13
produtos hospitalares bh,0,2,0%,14
casa do medio,0,2,0%,19
medida meia,0,2,0%,20.5
tamanhos de meia de compressão,0,2,0%,30
medidas meias de compressão,0,2,0%,30.5
onde comprar estetoscópio,0,2,0%,30.5
medidas meia de compressão,0,2,0%,31
ponto médico,0,2,0%,31.5
casa hospitalar centro,0,2,0%,34
casa do medico em nova iguaçu,0,2,0%,35
casas ortopedicas,0,2,0%,35
tamanhos de meia,0,2,0%,35.5
avenida afonso pena 262 centro belo horizonte mg,0,2,0%,36
casa do medico cachoeiro,0,2,0%,36
casa do medico maceio farol,0,2,0%,36.5
medidas de meia de compressão,0,2,0%,37.5
loja dr scholl centro bh,0,2,0%,38
casa do bombeiro bh,0,2,0%,41.5
meias compressão,0,2,0%,44.5
area hospitalar bh,0,2,0%,46.5
loja cirúrgica santa efigênia bh,0,2,0%,46.5
loja de fisioterapia bh,0,2,0%,46.5
cirúrgica bh,0,2,0%,48.5
como medir meia de compressão,0,2,0%,49.5
lojas que vendem material hospitalar,0,2,0%,50
av afonso pena 578 centro - belo horizonte - mg,0,2,0%,51
como escolher meia de compressão,0,2,0%,52.5
onde encontrar meia de compressão,0,2,0%,53
como usar meias de compressão,0,2,0%,55
loja dr scholl em bh,0,2,0%,56.5
onde comprar espuma por metro em bh,0,2,0%,60.5
area hospitalar belo horizonte,0,2,0%,62
casa do medico em madureira,0,2,0%,62.5
casa do médico duque de caxias,0,2,0%,63.5
casa do médico em maceió,0,2,0%,64
casa do medico maringa,0,2,0%,64.5
meia de comprensao,0,2,0%,65.5
ortopedia em bh,0,2,0%,65.5
tamanho meia,0,2,0%,66.5
meia de varizes,0,2,0%,67.5
casa do medico presidente prudente,0,2,0%,68
dr scholl bh,0,2,0%,68.5
meias de compressão varizes,0,2,0%,75.5
meia elástica,0,2,0%,77
loja de produtos medicos hospitalares,0,2,0%,80
central med bh,0,2,0%,91
loja de instrumentos hospitalares,0,2,0%,91
a casinha do pequeno médico,0,1,0%,1
aparelhos hospitalares,0,1,0%,1
cadeira de banho em bh,0,1,0%,1
cadeira de rodas bh,0,1,0%,1
cadeira de rodas para banho,0,1,0%,1
casa do enfermeiro perto de mim,0,1,0%,1
casa médica fotos,0,1,0%,1
casamedic,0,1,0%,1
cirurgico,0,1,0%,1
cirúrgica em bh,0,1,0%,1
cirúrgica gervásio,0,1,0%,1
equipamento medico,0,1,0%,1
equipamentos cirurgicos,0,1,0%,1
equipamentos hospitalares,0,1,0%,1
fisioterapia centro bh,0,1,0%,1
health aids,0,1,0%,1
loja,0,1,0%,1
loja cirúrgica,0,1,0%,1
loja de cirurgicos perto de mim,0,1,0%,1
loja de estetoscopio,0,1,0%,1
loja de medicamento hospitalar,0,1,0%,1
loja de produtos de fisioterapia,0,1,0%,1
loja de produtos hospitalares perto de mim dentro de 800 m,0,1,0%,1
loja de venda de material hospitalar,0,1,0%,1
marca de meias boas,0,1,0%,1
materiais medico hospitalares,0,1,0%,1
materiais médico hospitalares,0,1,0%,1
material de hospital,0,1,0%,1
materias hospitalares,0,1,0%,1
meia compressão sigvaris,0,1,0%,1
meia de compressão pós cirurgia,0,1,0%,1
meia de compressão venosan ou sigvaris,0,1,0%,1
meia sigvaris ou venosan,0,1,0%,1
meias cirurgicas onde comprar,0,1,0%,1
meias de compressão sigvaris,0,1,0%,1
meias venosan 20 30 mmhg preço,0,1,0%,1
melhores marcas de meia,0,1,0%,1
melhores marcas de meias de compressão,0,1,0%,1
nao sinto dor,0,1,0%,1
número da casa do médico,0,1,0%,1
onde calibrar aparelho de pressão digital em bh,0,1,0%,1
onde comprar andador para idoso,0,1,0%,1
onde comprar assento para cadeira de banho,0,1,0%,1
onde comprar esfigmomanômetro,0,1,0%,1
onde comprar joelheira ortopédica,0,1,0%,1
onde comprar meia calça perto de mim,0,1,0%,1
otoscopio comprar,0,1,0%,1
planeta ortopédico loja física,0,1,0%,1
produto hospitalar,0,1,0%,1
qual a melhor marca de meia de compressão venosan ou sigvaris,0,1,0%,1
qual a melhor meia de compressão sigvaris ou venosan,0,1,0%,1
sales equipment for nurses,0,1,0%,1
órtese para rizartrose onde comprar,0,1,0%,1
afonso pena,0,1,0%,2
andador ortopédico,0,1,0%,2
area hospitalar,0,1,0%,2
bota ortopédica,0,1,0%,2
casa de cirugia,0,1,0%,2
casa de material ortopédico perto de mim,0,1,0%,2
casa de produtos medicos perto de mim,0,1,0%,2
casa de produtos ortopedicos,0,1,0%,2
casa do médico campo grande telefone,0,1,0%,2
casa do médico na barra,0,1,0%,2
casa dos medicos telefone,0,1,0%,2
casa material cirurgico perto de mim,0,1,0%,2
casa produtos cirurgicos perto de mim,0,1,0%,2
casa sate,0,1,0%,2
casamedica,0,1,0%,2
centro de bh,0,1,0%,2
hospital de brinquedos bh,0,1,0%,2
insumos hospitalares,0,1,0%,2
loja de artigo hospitalar perto de mim,0,1,0%,2
loja de itens ortopedicos perto de mim,0,1,0%,2
loja de materiais ortopedicos,0,1,0%,2
loja de produtos ortopedicos perto de mim,0,1,0%,2
loja de produtos ortopédico perto de mim,0,1,0%,2
loja do idoso,0,1,0%,2
materiais cirurgicos perto de mim,0,1,0%,2
materiais cirúrgicos perto de mim,0,1,0%,2
material para consultorio medico,0,1,0%,2
onde comprar,0,1,0%,2
onde comprar meias de compressão em porto alegre,0,1,0%,2
qual o endereço,0,1,0%,2
500ml,0,1,0%,3
artigo hospitalar perto de mim,0,1,0%,3
cas med,0,1,0%,3
casa de artigos medicos,0,1,0%,3
casa de hospital,0,1,0%,3
casa de produtos hospitalares centro,0,1,0%,3
casa do medico penha,0,1,0%,3
casa medics,0,1,0%,3
colegio de médicos loja,0,1,0%,3
equipamento hospitalar perto de mim,0,1,0%,3
faz mal dormir com meia de compressão,0,1,0%,3
loja de acessorios ortopedicos,0,1,0%,3
loja de artigo medico,0,1,0%,3
loja de instrumentos cirurgicos perto de mim,0,1,0%,3
loja de material de saude,0,1,0%,3
loja de materias hospitalares,0,1,0%,3
loja de produto ortopedico,0,1,0%,3
loja de produtos ortopedicos e hospitalares,0,1,0%,3
loja produto medico,0,1,0%,3
lojas física,0,1,0%,3
lojas medicas,0,1,0%,3
mais contatos,0,1,0%,3
material cirúrgico perto de mim,0,1,0%,3
onde comprar em belo horizonte?,0,1,0%,3
onde comprar em bh,0,1,0%,3
onde comprar?,0,1,0%,3
onde vende meia calça,0,1,0%,3
saude medica,0,1,0%,3
tel casa medica,0,1,0%,3
telefone da casa do,0,1,0%,3
andador para adulto,0,1,0%,4
casa cirurgica perto de mim abertos agora,0,1,0%,4
casa mefica,0,1,0%,4
casa mesica,0,1,0%,4
casa médica produtos hospitalares e médicos loja do médico,0,1,0%,4
casa produtos ortopedicos,0,1,0%,4
equipamentos médicos usados,0,1,0%,4
loja casa medica,0,1,0%,4
loja de artigo ortopedico,0,1,0%,4
loja de material cirurgico proximo a mim,0,1,0%,4
loja de meia perto de mim,0,1,0%,4
loja de produtos de saude,0,1,0%,4
loja de saude,0,1,0%,4
loja de.produtos hospitalares,0,1,0%,4
loja do médico fotos,0,1,0%,4
loja onde vende produtos hospitalares,0,1,0%,4
material cirurgico por perto,0,1,0%,4
mmedic bu,0,1,0%,4
número de telefone do médico,0,1,0%,4
qual o horário funciona,0,1,0%,4
cadeira de banho para idoso,0,1,0%,5
casa do remédio,0,1,0%,5
casa medical jodoh,0,1,0%,5
comprar otoscopio,0,1,0%,5
deposito medico,0,1,0%,5
farmácia de produto hospitalar,0,1,0%,5
insumos medicos loja,0,1,0%,5
loja das clinicas,0,1,0%,5
loja materiais medicos perto de mim,0,1,0%,5
loja material medico perto de mim,0,1,0%,5
loja meia de compressão perto de mim,0,1,0%,5
lojas de aparelhos hospitalares,0,1,0%,5
lojas de materiais ortopédicos perto de mim,0,1,0%,5
lojas que vendem materiais hospitalares,0,1,0%,5
materiais médicos hospitalares,0,1,0%,5
material cirurgico proximo a mim,0,1,0%,5
meia calça compressão sigvaris,0,1,0%,5